classifier,auc_mean,auc_std,best_grid_params,best_grid_score
Random Forest,0.9836398556199271,0.003934700122370393,"{'max_depth': 10, 'min_samples_leaf': 1, 'min_samples_split': 4, 'n_estimators': 100}",0.9839767004354671
Logistic Regression,0.9604558979863442,0.0057121802387631905,{'penalty': 'l2'},0.9605326760425127
LightGBM,0.988038217505606,0.002862950536202776,"{'learning_rate': 0.1, 'max_depth': 7, 'num_leaves': 30}",0.9879241204726125
XGBoost,0.9894539792720575,0.0026003184029661807,"{'eta': 0.1, 'max_delta_step': 0, 'max_depth': 9, 'min_child_weight': 1}",0.9897734962699257
CATBoost,0.9859977673118813,0.003576659494128419,{'n_estimators': 20},0.9873591966333924
