,classifier,auc_mean,auc_std,best_grid_params,best_grid_score
0,Random Forest,0.982439691300781,0.0034784738809171,"{'max_depth': 10, 'min_samples_leaf': 1, 'min_samples_split': 4, 'n_estimators': 100}",0.9828310794080061
0,Logistic Regression,0.9606127723786622,0.003996140777673624,{'penalty': 'none'},0.9610031964747447
0,LightGBM,0.9871600850704332,0.002792552354856254,"{'learning_rate': 0.1, 'max_depth': 7, 'num_leaves': 30}",0.9873536516060198
0,CATBoost,0.9861600700692321,0.00316518535399053,{'n_estimators': 30},0.9876305110736888
0,Log-Bagging,0.960605982761368,0.004016902363837763,{'n_estimators': 100},0.9609917056293318
0,Voting,0.9846799662199972,0.0031518364775050814,"{'weights': [2, 1, 2, 3, 2]}",0.9852971065029388
0,Log-Adaboost,0.9606101915581984,0.0040102288786389596,"{'learning_rate': 0.001, 'n_estimators': 100}",0.9609744352325029
0,Log-GradientBoost,0.9866610043985485,0.002747515432041285,"{'learning_rate': 0.03, 'max_depth': 5, 'n_estimators': 200}",0.9868204023385403
