classifier,auc_mean,auc_std,best_grid_params,best_grid_score
Random Forest,0.9877540028217245,0.0008120237566868842,"{'max_depth': 10, 'min_samples_split': 8, 'n_estimators': 100}",0.9877407565414085
Logistic Regression,0.9620534261848132,0.001741429118316822,{'penalty': 'none'},0.9620129159714665
LightGBM,0.9910327325535655,0.0007475792721298532,"{'learning_rate': 0.1, 'max_depth': 7, 'num_leaves': 30}",0.9911237043658747
XGBoost,0.9932858834972699,0.0006651906908196587,"{'eta': 0.1, 'max_delta_step': 1, 'max_depth': 9, 'min_child_weight': 5}",0.9933833014383133
CATBoost,0.9923779110430876,0.0006852628363340059,{'n_estimators': 30},0.9924736115837984
Log-Bagging,0.9620581408027898,0.0017418917242946993,{'n_estimators': 100},0.9620107252847729
Dtree-Bagging,0.9909137638471803,0.0009967432622233316,"{'base_estimator__max_depth': 20, 'n_estimators': 300}",0.9910278437246071
